{
 "omniscidb_cpu_cursor": {
  "trip_count_cab_type": 2.271809180577596,
  "trip_passenger_total_amount_mean": 1.5038437048594158,
  "trip_group_by_passenger_count_and_pickup_year": 0.8539751370747884,
  "trip_grouped_by_passenger_count_and_pickup_year_and_distance": 5.711333592732747
 },
 "omniscidb_cpu_ipc": {
  "trip_count_cab_type": 0.7326412200927734,
  "trip_passenger_total_amount_mean": 0.8879449367523193,
  "trip_group_by_passenger_count_and_pickup_year": 0.8714512983957926,
  "trip_grouped_by_passenger_count_and_pickup_year_and_distance": 4.311679283777873
 },
 "omniscidb_gpu_ipc": {
  "trip_count_cab_type": 1.8418479760487874,
  "trip_passenger_total_amount_mean": 1.6283951600392659,
  "trip_group_by_passenger_count_and_pickup_year": 0.8335721492767334,
  "trip_grouped_by_passenger_count_and_pickup_year_and_distance": 2.015394449234009
 }
}