{
 "omniscidb_cpu_cursor": {
  "trip_count_cab_type": 2.2433951695760093,
  "trip_passenger_total_amount_mean": 1.4884685675303142,
  "trip_group_by_passenger_count_and_pickup_year": 0.8593664169311523,
  "trip_grouped_by_passenger_count_and_pickup_year_and_distance": 5.7314151128133135
 },
 "omniscidb_cpu_ipc": {
  "trip_count_cab_type": 0.7580085595448812,
  "trip_passenger_total_amount_mean": 0.8778728644053141,
  "trip_group_by_passenger_count_and_pickup_year": 0.8783919811248779,
  "trip_grouped_by_passenger_count_and_pickup_year_and_distance": 4.231396357218425
 },
 "omniscidb_cuda_ipc": {
  "trip_count_cab_type": 1.8612178961435955,
  "trip_passenger_total_amount_mean": 1.572952667872111,
  "trip_group_by_passenger_count_and_pickup_year": 0.8280782699584961,
  "trip_grouped_by_passenger_count_and_pickup_year_and_distance": 1.9393291473388672
 }
}