{
 "omniscidb_cpu_ipc": {
  "trip_distance_max": 0.8671233654022217,
  "trip_distance_min": 0.85835067431132,
  "trip_distance_mean": 0.8510908285776774,
  "trip_distance_std": 0.9598902861277262,
  "trip_distance_sum": 0.8396399815877279,
  "fare_amount_less_100_sum": 0.8611683050791422,
  "fare_amount_less_100_mean": 0.8509809176127116,
  "fare_amount_less_100_std": 0.9505401452382406
 },
 "omniscidb_cpu_cursor": {
  "trip_distance_max": 0.056943416595458984,
  "trip_distance_min": 0.051325718561808266,
  "trip_distance_mean": 0.05098565419514974,
  "trip_distance_std": 0.14870929718017578,
  "trip_distance_sum": 0.04930384953816732,
  "fare_amount_less_100_sum": 0.051746527353922524,
  "fare_amount_less_100_mean": 0.05093534787495931,
  "fare_amount_less_100_std": 0.13738512992858887
 },
 "omniscidb_gpu_ipc": {
  "trip_distance_max": 0.6306509971618652,
  "trip_distance_min": 0.4664897123972575,
  "trip_distance_mean": 0.547577699025472,
  "trip_distance_std": 0.5628440380096436,
  "trip_distance_sum": 0.4680594603220622,
  "fare_amount_less_100_sum": 0.4901183446248372,
  "fare_amount_less_100_mean": 0.4595160484313965,
  "fare_amount_less_100_std": 0.4874589443206787
 },
 "pandas": {
  "trip_distance_max": 0.28170188268025714,
  "trip_distance_min": 0.3031380971272786,
  "trip_distance_mean": 0.27955039342244464,
  "trip_distance_std": 0.5935924847920736,
  "trip_distance_sum": 0.27694042523701984,
  "fare_amount_less_100_sum": 0.7401332060496012,
  "fare_amount_less_100_mean": 0.7314636707305908,
  "fare_amount_less_100_std": 0.9805221557617188
 }
}