{
 "omniscidb_cpu": {
  "table_head": 0.02566814422607422,
  "trip_distance_max": 0.026746431986490887,
  "trip_distance_min": 0.023868560791015625,
  "trip_distance_mean": 0.02409966786702474,
  "trip_distance_std": 0.05328488349914551,
  "trip_distance_sum": 0.02325757344563802,
  "fare_amount_less_100_sum": 0.028055111567179363,
  "fare_amount_less_100_mean": 0.026204983393351238,
  "fare_amount_less_100_std": 0.05381981531778971
 },
 "omniscidb_gpu": {
  "table_head": 0.03336524963378906,
  "trip_distance_max": 0.022529204686482746,
  "trip_distance_min": 0.02374553680419922,
  "trip_distance_mean": 0.021675507227579754,
  "trip_distance_std": 0.03794423739115397,
  "trip_distance_sum": 0.022992849349975586,
  "fare_amount_less_100_sum": 0.025641679763793945,
  "fare_amount_less_100_mean": 0.024706681569417317,
  "fare_amount_less_100_std": 0.04151336352030436
 },
 "pandas": {
  "table_head": 8.280665318171183,
  "trip_distance_max": 8.269554058710733,
  "trip_distance_min": 8.223705053329468,
  "trip_distance_mean": 8.3223344484965,
  "trip_distance_std": 8.23741857210795,
  "trip_distance_sum": 8.265352090199789,
  "fare_amount_less_100_sum": 8.822556336720785,
  "fare_amount_less_100_mean": 8.763880809148153,
  "fare_amount_less_100_std": 8.824950774510702
 }
}