{
 "omniscidb_cpu_ipc": {
  "trip_distance_max": 0.10896436373392741,
  "trip_distance_min": 0.10829718907674153,
  "trip_distance_mean": 0.10676511128743489,
  "trip_distance_std": 0.1384092171986898,
  "trip_distance_sum": 0.10547876358032227,
  "fare_amount_less_100_sum": 0.11544116338094075,
  "fare_amount_less_100_mean": 0.11102938652038574,
  "fare_amount_less_100_std": 0.14043005307515463
 },
 "omniscidb_cpu_cursor": {
  "trip_distance_max": 0.0232848326365153,
  "trip_distance_min": 0.02231486638387044,
  "trip_distance_mean": 0.022934993108113606,
  "trip_distance_std": 0.05203970273335775,
  "trip_distance_sum": 0.02160485585530599,
  "fare_amount_less_100_sum": 0.024654626846313477,
  "fare_amount_less_100_mean": 0.024615049362182617,
  "fare_amount_less_100_std": 0.052649497985839844
 },
 "omniscidb_gpu_ipc": {
  "trip_distance_max": 0.16332793235778809,
  "trip_distance_min": 0.06059988339742025,
  "trip_distance_mean": 0.12575896581013998,
  "trip_distance_std": 0.07901541392008464,
  "trip_distance_sum": 0.06059082349141439,
  "fare_amount_less_100_sum": 0.13952096303304037,
  "fare_amount_less_100_mean": 0.12320176760355632,
  "fare_amount_less_100_std": 0.13387274742126465
 },
 "pandas": {
  "trip_distance_max": 0.01636052131652832,
  "trip_distance_min": 0.016849358876546223,
  "trip_distance_mean": 0.01767889658610026,
  "trip_distance_std": 0.03508845965067545,
  "trip_distance_sum": 0.016797383626302082,
  "fare_amount_less_100_sum": 0.04393339157104492,
  "fare_amount_less_100_mean": 0.03841010729471842,
  "fare_amount_less_100_std": 0.05629086494445801
 }
}